country_id,country_name,year,LPI_Overall,LPI_Customs,LPI_Infrastructure,LPI_Logistics,LPI_Tracking,LPI_Timeliness
ZH,Africa Eastern and Southern,2022,2.61818181818182,2.32727272727273,2.51818181818182,2.63636363636364,2.64545454545455,2.86363636363636
ZI,Africa Western and Central,2022,2.47333333333333,2.30666666666667,2.29333333333333,2.52,2.46666666666667,2.66666666666667
1A,Arab World,2022,2.79375,2.5375,2.71875,2.75625,2.83125,3.0875
S3,Caribbean small states,2022,2.6,2.4,2.5,2.52,2.56,3.0
B8,Central Europe and the Baltics,2022,3.35454545454545,3.10909090909091,3.25454545454545,3.45454545454545,3.4,3.63636363636364
V2,Early-demographic dividend,2022,2.74651162790698,2.53023255813954,2.61162790697674,2.74186046511628,2.74883720930233,3.08604651162791
Z4,East Asia & Pacific,2022,3.3,3.11052631578947,3.32105263157895,3.32631578947368,3.42105263157895,3.48421052631579
4E,East Asia & Pacific (excluding high income),2022,2.95833333333333,2.725,2.875,2.95,3.04166666666667,3.2
T4,East Asia & Pacific (IDA & IBRD countries),2022,2.95833333333333,2.725,2.875,2.95,3.04166666666667,3.2
Z7,Europe & Central Asia,2022,3.32391304347826,3.12608695652174,3.26086956521739,3.38043478260869,3.37608695652174,3.55217391304348
7E,Europe & Central Asia (excluding high income),2022,2.72,2.50666666666667,2.55333333333333,2.72666666666667,2.72666666666667,3.02666666666667
T7,Europe & Central Asia (IDA & IBRD countries),2022,2.835,2.61,2.675,2.855,2.87,3.125
EU,European Union,2022,3.61851851851852,3.41111111111111,3.5962962962963,3.70740740740741,3.69259259259259,3.80740740740741
F1,Fragile and conflict affected situations,2022,2.38095238095238,2.19047619047619,2.19523809523809,2.4047619047619,2.35238095238095,2.6952380952381
ZT,IDA & IBRD total,2022,2.69255319148936,2.47553191489362,2.54042553191489,2.70425531914894,2.71808510638298,2.98085106382979
V3,Late-demographic dividend,2022,3.01025641025641,2.80769230769231,2.92307692307692,3.02564102564103,3.11282051282051,3.24102564102564
ZJ,Latin America & Caribbean,2022,2.692,2.476,2.552,2.688,2.74,3.024
T2,Latin America & the Caribbean (IDA & IBRD countries),2022,2.71304347826087,2.48695652173913,2.5695652173913,2.71739130434783,2.76086956521739,3.04347826086957
ZQ,"Middle East, North Africa, Afghanistan & Pakistan",2022,2.88823529411765,2.70588235294118,2.87058823529412,2.86470588235294,2.92941176470588,3.15294117647059
T3,"Middle East, North Africa, Afghanistan & Pakistan (IDA & IBRD)",2022,2.36666666666667,2.21111111111111,2.16666666666667,2.32222222222222,2.32222222222222,2.81111111111111
OE,OECD members,2022,3.63421052631579,3.47105263157895,3.68157894736842,3.73157894736842,3.72631578947368,3.81315789473684
S4,Other small states,2022,3.025,2.9375,2.8875,3.0625,3.175,3.3625
S2,Pacific island small states,2022,2.55,2.35,2.4,2.6,2.55,2.75
V4,Post-demographic dividend,2022,3.60555555555556,3.44166666666667,3.66388888888889,3.68333333333333,3.69722222222222,3.75833333333333
V1,Pre-demographic dividend,2022,2.39,2.175,2.205,2.43,2.36,2.605
S1,Small states,2022,2.82,2.68,2.69333333333333,2.82,2.88666666666667,3.16
8S,South Asia,2022,2.825,2.625,2.525,2.875,2.775,3.125
T5,South Asia (IDA & IBRD),2022,2.825,2.625,2.525,2.875,2.775,3.125
ZG,Sub-Saharan Africa,2022,2.53461538461538,2.31538461538462,2.38846153846154,2.56923076923077,2.54230769230769,2.75
ZF,Sub-Saharan Africa (excluding high income),2022,2.53461538461538,2.31538461538462,2.38846153846154,2.56923076923077,2.54230769230769,2.75
T6,Sub-Saharan Africa (IDA & IBRD countries),2022,2.53461538461538,2.31538461538462,2.38846153846154,2.56923076923077,2.54230769230769,2.75
1W,World,2022,3.0,2.8,2.92158273381295,3.02877697841727,3.05107913669065,3.24244604316547
AF,Afghanistan,2022,1.9,2.1,1.7,2.0,1.6,2.3
AL,Albania,2022,2.5,2.4,2.7,2.3,2.3,2.5
DZ,Algeria,2022,2.5,2.3,2.1,2.2,2.5,2.6
AO,Angola,2022,2.1,1.7,2.1,2.3,2.3,2.1
AG,Antigua and Barbuda,2022,2.9,2.2,2.7,2.9,3.2,3.4
AR,Argentina,2022,2.8,2.7,2.8,2.7,2.9,3.1
AM,Armenia,2022,2.5,2.5,2.6,2.6,2.3,2.7
AU,Australia,2022,3.7,3.7,4.1,3.9,4.1,3.6
AT,Austria,2022,4.0,3.7,3.9,4.0,4.2,4.3
AZ,Azerbaijan,2014,2.448376,2.571429,2.714286,2.142857,2.142857,2.571429
BS,"Bahamas, The",2022,2.7,2.7,2.5,2.5,2.6,3.0
BH,Bahrain,2022,3.5,3.3,3.6,3.3,3.4,4.1
BD,Bangladesh,2022,2.6,2.3,2.3,2.7,2.4,3.0
BY,Belarus,2022,2.7,2.6,2.7,2.6,2.6,3.1
BE,Belgium,2022,4.0,3.9,4.1,4.2,4.0,4.2
BJ,Benin,2022,2.9,2.7,2.5,3.0,3.2,2.7
BT,Bhutan,2022,2.5,2.7,2.2,2.6,2.3,2.6
BO,Bolivia,2022,2.4,2.1,2.4,2.4,2.5,2.4
BA,Bosnia and Herzegovina,2022,3.0,2.7,2.6,2.9,3.2,3.2
BW,Botswana,2022,3.1,3.0,3.1,3.4,3.0,3.3
BR,Brazil,2022,3.2,2.9,3.2,3.3,3.2,3.5
BN,Brunei Darussalam,2018,2.71,2.62,2.46,2.71,2.75,3.17
BG,Bulgaria,2022,3.2,3.1,3.1,3.3,3.3,3.5
BF,Burkina Faso,2022,2.3,2.0,2.3,2.4,2.2,2.4
BI,Burundi,2018,2.06,1.69,1.95,2.33,2.01,2.17
KH,Cambodia,2022,2.4,2.2,2.1,2.4,2.8,2.7
CM,Cameroon,2022,2.1,2.1,2.1,2.1,1.8,2.1
CA,Canada,2022,4.0,4.0,4.3,4.2,4.1,4.1
CF,Central African Republic,2022,2.5,2.4,2.6,2.9,2.4,2.6
TD,Chad,2018,2.42,2.15,2.37,2.62,2.37,2.62
CL,Chile,2022,3.0,3.0,2.8,3.1,3.0,3.2
CN,China,2022,3.7,3.3,4.0,3.8,3.8,3.7
CO,Colombia,2022,2.9,2.5,2.9,3.1,3.1,3.2
KM,Comoros,2018,2.56,2.62,2.25,2.21,2.93,2.8
CD,"Congo, Dem. Rep.",2022,2.5,2.3,2.3,2.4,2.5,2.8
CG,"Congo, Rep.",2022,2.6,2.3,2.1,2.9,2.7,2.9
CR,Costa Rica,2022,2.9,2.8,2.7,2.9,2.9,3.2
CI,Cote d'Ivoire,2018,3.08,2.78,2.89,3.23,3.14,3.23
HR,Croatia,2022,3.3,3.0,3.0,3.4,3.4,3.2
CU,Cuba,2022,2.2,2.0,2.2,2.2,2.4,2.6
CY,Cyprus,2022,3.2,2.9,2.8,3.2,3.4,3.5
CZ,Czechia,2022,3.3,3.0,3.0,3.6,3.2,3.7
DK,Denmark,2022,4.1,4.1,4.1,4.1,4.3,4.1
DJ,Djibouti,2022,2.7,2.6,2.3,2.8,2.7,3.6
DO,Dominican Republic,2022,2.6,2.6,2.7,2.6,2.4,3.1
EC,Ecuador,2018,2.88,2.8,2.72,2.75,3.07,3.19
EG,"Egypt, Arab Rep.",2022,3.1,2.8,3.0,2.9,2.9,3.6
SV,El Salvador,2022,2.7,2.4,2.2,2.7,2.9,3.2
GQ,Equatorial Guinea,2018,2.32,1.91,1.88,2.25,2.12,2.75
ER,Eritrea,2018,2.09,2.13,1.86,2.17,2.17,2.08
EE,Estonia,2022,3.6,3.2,3.5,3.7,3.8,4.1
ET,Ethiopia,2016,2.376767,2.598943,2.117674,2.367674,2.178113,2.370804
FJ,Fiji,2022,2.3,2.3,2.2,2.3,2.2,2.3
FI,Finland,2022,4.2,4.0,4.2,4.2,4.2,4.3
FR,France,2022,3.9,3.7,3.8,3.8,4.0,4.1
GA,Gabon,2022,2.4,2.0,2.2,2.0,2.5,3.0
GM,"Gambia, The",2022,2.3,1.8,2.3,2.3,2.4,2.6
GE,Georgia,2022,2.7,2.6,2.3,2.6,2.8,3.1
DE,Germany,2022,4.1,3.9,4.3,4.2,4.2,4.1
GH,Ghana,2022,2.5,2.7,2.4,2.5,2.2,2.7
GR,Greece,2022,3.7,3.2,3.7,3.8,3.9,3.9
GD,Grenada,2022,2.5,2.6,2.5,2.2,2.3,3.1
GT,Guatemala,2022,2.6,2.3,2.4,2.7,2.7,2.6
GN,Guinea,2022,2.5,2.4,2.4,2.7,2.7,2.5
GW,Guinea-Bissau,2022,2.6,2.7,2.4,2.9,2.3,2.4
GY,Guyana,2022,2.4,2.3,2.4,2.6,2.2,2.6
HT,Haiti,2022,2.1,2.1,1.8,2.0,2.1,2.5
HN,Honduras,2022,2.9,2.8,2.7,2.7,2.6,3.2
HK,"Hong Kong SAR, China",2022,4.0,3.8,4.0,4.0,4.2,4.1
HU,Hungary,2022,3.2,2.7,3.1,3.1,3.4,3.6
IS,Iceland,2022,3.6,3.7,3.6,3.5,3.7,3.6
IN,India,2022,3.4,3.0,3.2,3.5,3.4,3.6
ID,Indonesia,2022,3.0,2.8,2.9,2.9,3.0,3.3
IR,"Iran, Islamic Rep.",2022,2.3,2.2,2.4,2.1,2.4,2.7
IQ,Iraq,2022,2.4,2.1,2.2,2.2,2.4,3.0
IE,Ireland,2022,3.6,3.4,3.5,3.6,3.7,3.7
IL,Israel,2022,3.6,3.4,3.7,3.8,3.7,3.8
IT,Italy,2022,3.7,3.4,3.8,3.8,3.9,3.9
JM,Jamaica,2022,2.5,2.2,2.4,2.5,2.8,2.9
JP,Japan,2022,3.9,3.9,4.2,4.1,4.0,4.0
JO,Jordan,2018,2.69,2.49,2.72,2.55,2.77,3.18
KZ,Kazakhstan,2022,2.7,2.6,2.5,2.7,2.8,2.9
KE,Kenya,2018,2.81,2.65,2.55,2.81,3.07,3.18
KR,"Korea, Rep.",2022,3.8,3.9,4.1,3.8,3.8,3.8
KW,Kuwait,2022,3.2,3.2,3.6,2.9,3.3,2.8
KG,Kyrgyz Republic,2022,2.3,2.2,2.4,2.2,2.3,2.4
LA,Lao PDR,2022,2.4,2.3,2.3,2.4,2.4,2.8
LV,Latvia,2022,3.5,3.3,3.3,3.7,3.6,4.0
LB,Lebanon,2018,2.72,2.38,2.64,2.47,2.8,3.18
LS,Lesotho,2018,2.28,2.36,1.96,2.03,2.37,2.7
LR,Liberia,2022,2.4,2.1,2.4,2.4,2.4,2.3
LY,Libya,2022,1.9,1.9,1.7,1.9,1.8,2.2
LT,Lithuania,2022,3.4,3.2,3.5,3.6,3.1,3.6
LU,Luxembourg,2022,3.6,3.6,3.6,3.9,3.5,3.5
MG,Madagascar,2022,2.3,1.8,1.8,2.2,2.0,2.6
MW,Malawi,2018,2.59,2.43,2.18,2.68,2.67,2.97
MY,Malaysia,2022,3.6,3.3,3.6,3.7,3.7,3.7
MV,Maldives,2018,2.67,2.4,2.72,2.29,2.6,3.32
ML,Mali,2022,2.6,2.6,2.0,2.5,2.7,3.1
MT,Malta,2022,3.3,3.4,3.7,3.4,3.4,3.2
MR,Mauritania,2022,2.3,2.1,2.0,2.5,2.5,2.8
MU,Mauritius,2022,2.5,2.4,2.5,2.5,2.9,3.1
MX,Mexico,2022,2.9,2.5,2.8,3.0,3.1,3.5
MD,Moldova,2022,2.5,1.9,1.9,2.8,2.8,3.0
MN,Mongolia,2022,2.5,2.5,2.3,2.3,2.4,2.7
ME,Montenegro,2022,2.8,2.6,2.5,2.8,3.2,3.2
MA,Morocco,2018,2.54,2.33,2.43,2.49,2.51,2.88
MZ,Mozambique,2016,2.684105,2.491724,2.238017,2.44495,2.751033,3.035055
MM,Myanmar,2018,2.3,2.17,1.99,2.28,2.2,2.91
NA,Namibia,2022,2.9,2.8,2.8,2.9,2.8,2.9
NP,Nepal,2018,2.51,2.29,2.19,2.46,2.65,3.1
NL,Netherlands,2022,4.1,3.9,4.2,4.2,4.2,4.0
NZ,New Zealand,2022,3.6,3.4,3.8,3.7,3.8,3.8
NI,Nicaragua,2022,2.5,2.0,1.9,2.8,2.4,2.9
NE,Niger,2018,2.07,1.77,2.0,2.1,2.22,2.33
NG,Nigeria,2022,2.6,2.4,2.4,2.3,2.7,3.1
MK,North Macedonia,2022,3.1,3.1,3.0,3.2,3.2,3.5
NO,Norway,2022,3.7,3.8,3.9,3.8,3.7,4.0
OM,Oman,2022,3.3,3.0,3.2,3.2,3.9,3.1
PK,Pakistan,2018,2.42,2.12,2.2,2.59,2.27,2.66
PA,Panama,2022,3.1,3.0,3.3,3.0,2.9,3.4
PG,Papua New Guinea,2022,2.7,2.4,2.4,2.7,3.0,3.3
PY,Paraguay,2022,2.7,2.4,2.5,2.6,2.8,3.0
PE,Peru,2022,3.0,2.6,2.5,2.7,3.4,3.4
PH,Philippines,2022,3.3,2.8,3.2,3.3,3.3,3.9
PL,Poland,2022,3.6,3.4,3.5,3.6,3.8,3.9
PT,Portugal,2022,3.4,3.2,3.6,3.6,3.2,3.6
QA,Qatar,2022,3.5,3.1,3.8,3.9,3.6,3.5
RO,Romania,2022,3.2,2.7,2.9,3.3,3.5,3.6
RU,Russian Federation,2022,2.6,2.4,2.7,2.6,2.5,2.9
RW,Rwanda,2022,2.8,2.5,2.9,3.0,3.0,3.1
ST,Sao Tome and Principe,2018,2.65,2.71,2.33,2.65,2.78,3.01
SA,Saudi Arabia,2022,3.4,3.0,3.6,3.3,3.5,3.6
SN,Senegal,2018,2.25,2.17,2.22,2.11,2.11,2.52
RS,Serbia,2022,2.8,2.2,2.4,2.7,2.9,3.4
SL,Sierra Leone,2018,2.08,1.82,1.82,2.0,2.27,2.34
SG,Singapore,2022,4.3,4.2,4.6,4.4,4.4,4.3
SK,Slovak Republic,2022,3.3,3.2,3.3,3.4,3.3,3.5
SI,Slovenia,2022,3.3,3.4,3.6,3.3,3.0,3.3
SB,Solomon Islands,2022,2.8,2.4,2.6,2.9,2.9,3.2
SO,"Somalia, Fed. Rep.",2022,2.0,1.5,1.9,1.8,1.8,2.3
ZA,South Africa,2022,3.7,3.3,3.6,3.8,3.8,3.8
ES,Spain,2022,3.9,3.6,3.8,3.9,4.1,4.2
LK,Sri Lanka,2022,2.8,2.5,2.4,2.7,3.0,3.3
SD,Sudan,2022,2.4,2.1,2.3,2.4,2.3,2.7
SE,Sweden,2022,4.0,4.0,4.2,4.2,4.1,4.2
CH,Switzerland,2022,4.1,4.1,4.4,4.3,4.2,4.2
SY,Syrian Arab Republic,2022,2.3,2.2,2.2,2.2,2.3,2.5
TJ,Tajikistan,2022,2.5,2.2,2.5,2.8,2.0,2.9
TZ,Tanzania,2016,2.990185,2.775661,2.811586,2.916767,2.983806,3.443588
TH,Thailand,2022,3.5,3.3,3.7,3.5,3.6,3.5
TL,Timor-Leste,2007,1.71,1.63,1.67,1.6,1.67,2.25
TG,Togo,2022,2.5,2.3,2.3,2.4,2.3,2.8
TT,Trinidad and Tobago,2022,2.5,2.2,2.4,2.4,2.5,2.9
TN,Tunisia,2018,2.57,2.38,2.1,2.3,2.86,3.24
TR,Turkiye,2022,3.4,3.0,3.4,3.5,3.5,3.6
TM,Turkmenistan,2018,2.41,2.35,2.23,2.31,2.56,2.72
UG,Uganda,2018,2.58,2.61,2.19,2.5,2.41,2.9
UA,Ukraine,2022,2.7,2.4,2.4,2.6,2.6,3.1
AE,United Arab Emirates,2022,4.0,3.7,4.1,4.0,4.1,4.2
GB,United Kingdom,2022,3.7,3.5,3.7,3.7,4.0,3.7
US,United States,2022,3.8,3.7,3.9,3.9,4.2,3.8
UY,Uruguay,2022,3.0,2.9,2.7,3.1,3.3,3.2
UZ,Uzbekistan,2022,2.6,2.6,2.4,2.6,2.4,2.8
VE,"Venezuela, RB",2022,2.3,2.1,2.4,2.5,2.3,2.5
VN,Viet Nam,2022,3.3,3.1,3.2,3.2,3.4,3.3
YE,"Yemen, Rep.",2022,2.2,1.7,1.9,2.6,2.3,2.8
ZM,Zambia,2018,2.53,2.18,2.3,2.48,1.98,3.05
ZW,Zimbabwe,2022,2.5,2.2,2.4,2.3,2.7,2.8
